Month,Sales
2024-01,312.80645161290323
2024-02,303.7931034482759
2024-03,311.5483870967742
2024-04,305.3103448275862
